会社名,URL,問合せURL
（株）KINOBORI,http://ki-nobori.com/,http://www.wish-reform.co.jp/inquiry/
（株）ＳＮＫ,http://www.kk-snk.com/,https://www.yoshidatenso.jp/company#contact
（株）ＴＡＮＩＭＵＲＡ,http://www.tanimura-0929.com/information,https://www.reform-mio.com/inquiry/
（株）アーサ,http://www.a-sa.co.jp/,http://www.kuwaji.com/contact
（株）アーチ,http://i-arch.info/,https://teruyasetubi.com/contact/
(株)アクティブライフ・コネクション,http://www.activelifeconnection.com/,http://taniguchiya.info/%E3%81%8A%E5%95%8F%E3%81%84%E5%90%88%E3%82%8F%E3%81%9B/
（株）アサヒ,http://www.asahi-itami.co.jp/index.php/about,http://www.okamoto-k.co.jp/contact/
（株）アップワーズ,http://upwards.co.jp/,https://ida-c.jp/contact
（株）イデア建築工房,http://idea-kk.co.jp/,https://www.miwaarumi.com/#contact
（株）ウィルエナジー・ガステックス神戸,http://www.gastex.net/,https://shichihuku-reform.com/form/
（株）ウノ,http://www.k-uno.jp/about/,https://terasu-y.co.jp/repair/contact/
（株）エネルギーステーション 神戸店,http://www.enesta.jp/,https://isshin-dou.com/contact
(株)エルフォーハウジング L4HOUS,http://www.elfor.jp/,https://www.okabousui.co.jp/contact/
（株）カナダ,http://house100.co.jp/,http://www.athome.co.jp/atweb_static/athome/customer.html
（株）クリエイト本社,http://www.create-t.co.jp/,https://www.lifeline-de.jp/contact
（株）コーヨー,http://www.koyo-c.net/,https://www.artisan-kobe.com/
（株）コトブキコーポレーション,http://kotobuki-cp.com/,https://www.nakayama-painting.com/
（株）サイエンスLDホーム,http://life-design-home.jp/,http://www.ota-kougyo.com/contact
（株）サン・ガーデン,http://sungarden-kobe.jp/,http://www.nest-co.jp/contact.html
